episode,agent_0_actions,agent_0_rewards,agent_1_actions,agent_1_rewards,agent_2_actions,agent_2_rewards
29,"0.0,0.0,0.99999666,0.0;0.9989615,0.0,0.9958202,0.0;0.98627406,0.0,0.999455,0.0;0.99999666,0.0,0.99994856,0.0;0.9999173,0.0,0.9997374,0.0;0.9993602,0.0,0.99973786,0.0;0.001577227,0.0,0.9960976,0.0",0.007298176825196883;-0.004879424065812923;0.0012946972099011933;0.004895524161715625;0.001067710850490317;-0.0049690186167110845;0.6457156357656448,"0.99080205,0.0,0.95980185,0.0;0.9872799,0.0,0.9997115,0.0;0.94700146,0.0,0.99993044,0.0;0.9815781,0.0,0.9996519,0.0;0.9918141,0.0,0.99974084,0.0;0.99893236,0.0,0.9794736,0.0;0.0,0.9822955,0.99852186,0.0",0.02279160207313871;-0.004082831658966957;0.007230222172766317;0.0014675029396820718;-0.005014232045394361;-0.005266112361578429;1.0808638855205,"0.9923238,0.0,0.7617356,0.0;0.9979952,0.0,0.9988958,0.0;0.9363247,0.0,0.9975167,0.0;0.20825623,0.0,0.46912467,0.0;0.99595284,0.0,0.9927214,0.0;0.9970407,0.0,0.9984879,0.0;0.0,0.84159696,0.99998134,0.0;0.9970226,0.0,0.0,0.0;0.0,0.0,0.98681766,0.0",-5.2269813867566464e-05;-0.004122088975271559;0.002636334455866077;-0.0005897910974149297;4.4780716458588944e-05;-0.0050438145892359645;-0.005471641863043786;-0.0007223732537734504;0.33339285103104543
38,"0.99975383,0.0,0.26708293,0.0;0.9997416,0.0,0.0,0.7192359;0.99995506,0.0,0.0,0.96133024;0.9969873,0.0,0.9745738,0.0;0.9975048,0.0,0.0,0.48041096;0.9994593,0.0,0.0,0.4953725;0.997219,0.0,0.0,0.5285385;0.9996647,0.0,0.0,0.0;0.9975123,0.0,0.0,0.0;0.998718,0.0,0.23935296,0.0;0.9958157,0.0,0.99880934,0.0;0.9879294,0.0,0.9815788,0.0;0.9981294,0.0,0.8671125,0.0",0.005650524583466393;-0.0002470793278686543;0.0017273823664666608;0.0010262089916516907;-0.00017610463557916927;-0.00031621762132230625;-0.0003832419904070988;-0.00026754635140285854;0.00015408088376662655;0.004223770468969778;0.0036283977612095028;0.007327913810194279;0.9480324759102672,"0.99817044,0.0,0.972868,0.5065515;0.99965286,0.0,0.9911212,0.6178596;0.99936736,0.0,0.83110225,0.8285288;0.99591124,0.0,0.9774122,0.9883698;0.9822789,0.0,0.84492326,0.0;0.9997206,0.0,0.98619354,0.31687555;0.9969991,0.0,0.9876521,0.62108064;0.9902741,0.0,0.9754208,0.8956843;0.99715346,0.0,0.99690104,0.0;0.9828094,0.0,0.95047593,0.0;0.99935454,0.0,0.0,0.9685419;0.9947498,0.0,0.0,0.7722736;0.99816424,0.38313997,0.0,0.9949579;0.98415256,0.0,0.0,0.96967775",0.007437460927183006;-0.00019544688874877637;0.0007683202618144337;0.00037902772565708687;0.006645285992541611;7.451699649169752e-05;-0.00015703055509058334;0.0007223548763954721;-0.005378926747150964;0.00471988573494838;0.009086548937074305;-2.184235340703111e-06;-9.248574607092241e-05;1.2728728244845904,"0.9991305,0.0,0.15388712,0.0;0.9871296,0.0,0.45982772,0.13142845;0.9987515,0.0,0.007644862,0.0;0.9999939,0.0,0.0,0.9465558;0.99943435,0.0,0.0,0.33929387;0.9932211,0.37301266,0.0,0.0;0.9963355,0.0,0.0,0.76912564;0.9994105,0.0,0.0,0.33745533;0.98941225,0.0,0.0,0.269229;0.9982598,0.0,0.0,0.0;0.99955297,0.0,0.79048824,0.0;0.89649266,0.0,0.3346756,0.0;0.92142236,0.0,0.99836254,0.0;0.8394408,0.0,0.56015325,0.0",-0.00019487189254779335;-0.00019960787429101857;-0.0001322441536120081;-0.0002647227828790363;-0.00015900259753968537;-0.000512789908436379;-0.00038587119310093735;-0.0003498613082119938;-0.0003887104690904607;-0.0003249657694989032;0.0004581947464140908;-0.00026243793261916795;6.284134249615358e-05;0.3058425211884606
52,"0.9978762,0.0,0.0,0.86963195;0.99979496,0.0,0.0,0.9754809;0.9982696,0.0,0.0,0.5524824;0.99983275,0.0,0.0,0.9661297;0.9978657,0.0,0.0,0.0;0.9420702,0.0,0.46975628,0.9883952;0.99945706,0.0,0.9826935,0.0;0.9993013,0.0,0.99201095,0.0;0.99998695,0.0,0.9813467,0.0;0.9995913,0.0,0.99682903,0.0;0.9998608,0.0,0.0,0.0",0.027080281122642994;-0.00011189684486102982;0.0016601636567034586;-0.0005457123145206808;0.001378492320956971;0.0087117172175602;0.00010804166640186286;0.00010349150564774879;7.942710795099406e-05;1.7263816580019186e-05;0.9153067975055598,"0.99640346,0.0,0.0,0.99930954;0.99983317,0.0,0.9289975,0.95210725;0.99944264,0.0,0.94142,0.96050376;0.9951519,0.0,0.99069554,0.9834941;0.9995446,0.0,0.99846774,0.81880915;0.99508005,0.0,0.9993829,0.69640446;0.9957982,0.0,0.99308604,0.98239344;0.9930924,0.0,0.8621114,0.3139457;0.99968517,0.0,0.9991767,0.9588109;0.9990716,0.0,0.98729736,0.8888927;0.9960138,0.0,0.98695356,0.33244756",0.024660890565380584;-0.005210304945140091;-0.005212419333096857;-0.005214957572028;1.2030013653572537e-06;0.006454080589826008;0.004790531062250571;-0.00014728400842931456;-0.00020200695052555374;-0.00019754882792015827;0.8872723064264731,"0.0,0.0,0.0,0.98447657;0.99027145,0.0,0.0,0.9631524;0.9942767,0.0,0.0,0.92180455;0.99637526,0.0,0.0,0.8153251;0.9547783,0.0,0.0,0.9857454;0.99350744,0.0,0.0,0.49328128;0.9998832,0.0,0.0,0.0;0.99981886,0.0,0.926077,0.0;0.994664,0.0,0.9979064,0.0;0.9711422,0.0,0.996261,0.0;0.9986493,0.0,0.9936966,0.0;0.9739023,0.0,0.80593956,0.0",-0.0007066651800671773;0.0002482168649709192;-0.00042979419900109826;0.0006206154853739517;0.0014439844549707576;0.0019407768271671498;-0.00040190136957490375;-0.004909999610574976;-0.004873023485507105;-0.004887751453478211;0.00012633933489993043;0.46734558639120727
61,"0.9993163,0.0,0.99981594,0.0;0.99700975,0.0,0.9980255,0.0;0.9957623,0.0,0.9255108,0.0;0.99635017,0.0,0.0,0.0;0.9895804,0.0,0.0,0.98353773;0.9997725,0.0,0.0,0.12270115;0.9999365,0.0,0.99410146,0.0;0.9999516,0.0,0.0,0.0;0.9999714,0.0,0.0,0.0",0.011668782766815468;0.010543718993198836;-0.00015301506019994727;-0.0002029880517143723;0.0004046736304066424;0.007045379684962946;-6.72518439005646e-05;-0.00020255473152171712;1.0028757934968289,"0.9865047,0.0,0.91831243,0.8301358;0.9985315,0.0,0.8691852,0.8276492;0.8909781,0.0,0.7768377,0.1723984;0.9657939,0.0,0.9771377,0.7137842;0.9990597,0.0,0.8856137,0.9058422;0.9993739,0.0,0.94906056,0.9979079;0.999944,0.0,0.0,0.0;0.99941546,0.0,0.4271193,0.0;0.9999131,0.0,0.9999223,0.0;0.99709624,0.0,0.0,0.0",0.01829993818053876;-8.703544383877316e-05;0.0012663879780740533;0.0026635887381443275;-0.00022388559318980563;0.0006280954549573394;0.007662304000136825;-0.00014953352384746343;0.00011044033466232905;1.1183391146302966,"0.99926734,0.0,0.2698924,0.0;0.99423677,0.0,0.44425654,0.0;0.9979225,0.0,0.990386,0.0;0.90343153,0.0,0.0,1.4275312e-05;0.9534558,0.0,0.0,0.9952142;0.99606514,0.0,0.9633056,0.0;0.9995628,0.0,0.0,0.9966726;0.99874115,0.0,0.41754156,0.0;0.8992295,0.0,0.42605692,0.0;0.0,0.0,0.8839185,0.0;0.79440224,0.0,0.36305767,0.93777055;0.0,0.9859324,0.8872691,0.0;0.87833434,0.0,0.0,0.83733463;0.0,0.856703,0.9955125,0.0;0.99050117,0.0,0.0,0.9613086",-0.00014877793497438253;-0.0001365104926919215;-4.021137411710352e-05;-0.00029116855627326423;-0.0005185123900015625;2.0894082104197854e-05;-0.0006466730039707297;-0.00016782915992183544;-0.00025112752151679787;-0.0005588352630759553;-0.0008942308931269728;-0.0010862443433468276;-0.05082673993212859;-0.05106886222980625;0.09944251934634402
69,"0.99965817,0.0,0.9998939,0.0;0.99940526,0.0,0.9868048,0.0;0.9978646,0.0,0.9680455,0.0;0.9979299,0.0,0.9049619,0.6995658;0.99961483,0.0,0.0,0.8410084;0.999814,0.0,0.58005804,0.0;0.9958148,0.0,0.0,0.026954975;0.99868697,0.0,0.6773745,0.9394476;0.9999831,0.0,0.0,0.0;0.9997312,0.0,0.0,0.0;0.9966112,0.0,0.0,0.0;0.9628499,0.0,0.0,0.0",0.009832966067732783;0.00040734900516552284;0.006164047588374325;-6.94049220536567e-05;-0.00021494360922954804;0.0008288038885345009;-0.00020340184393106064;-0.001208334138410911;-0.00019811986025524645;0.0005904851823384634;-0.00021090383355580435;0.8866106788537566,"0.9999293,0.0,0.99606156,0.98780626;0.9153323,0.0,0.9755004,0.0;0.99974614,0.0,0.99663174,0.0;0.9948194,0.0,0.9962864,0.0;0.99968195,0.0,0.9999244,0.0;0.9985636,0.0,0.9349519,0.0;0.99913335,0.0,0.99960107,0.0;0.99024314,0.0,0.99991846,0.0;0.9977416,0.0,0.0,0.9773543;0.9990533,0.0,0.0,0.99749255;0.98202467,0.0,0.0,0.94157684;0.99840724,0.0,0.10253154,0.9975218",0.003795011094992201;-0.00011956760815333634;-0.0010982492659110832;-0.0001415352255974204;0.00026735221742097846;0.0004155284238292248;0.011989002539580981;0.005061851139959523;-0.0014577227038062902;0.000122673776432481;7.732875523668614e-05;0.9721101283665492,"0.9969948,0.0,0.94028974,0.0;0.985188,0.0,0.9990883,0.0;0.9978387,0.0,0.9691367,0.0;0.9553304,0.0,0.0,0.48035192;0.99889874,0.0,0.0,0.0;0.9923858,0.0,0.0,0.6780873;0.9982436,0.0,0.56621265,0.0;0.98248154,0.0,0.0,0.0;0.99915785,0.0,0.40425357,0.0;0.99915934,0.0,0.0,0.8899737;0.9284425,0.0,0.9986658,0.0;0.99410933,0.0,0.0,0.9527835;0.27108985,0.17024188,0.98218083,0.0",-2.0630819895507634e-05;0.00028914139668085383;-8.147942760277598e-05;-0.00024604270438726415;-0.0002022309540149152;-0.00013781176777454907;-0.00014632526748340236;-0.00021908469270773734;-0.0001749920931633372;-0.00036349366218535017;-9.206107891183767e-05;-0.0006279070623892402;0.3062475063457234
71,"0.0,0.9933815,0.9995813,0.0;0.0,0.9824651,0.99906915,0.0;0.0,0.9848368,0.9999894,0.0;0.0,0.9954995,0.9997514,0.0;0.0,0.99779296,0.99923015,0.0;0.0,0.9995687,0.999557,0.0;0.0,0.99867,0.9996165,0.0;0.0,0.99846697,0.9947844,0.0;0.0,0.99988705,0.0,0.0",0.012587873472747127;-0.00025135936656389067;0.00012256106496439555;0.0020001719227382437;0.003996299956174755;0.003312291941716725;0.004265478587564983;0.00012559128563411414;1.0711488398530644,"0.0,0.9999985,0.036405798,0.98841;0.0,0.98024094,0.99672717,0.0;0.0,0.9974377,0.99996,0.0;0.0,0.9977044,0.9984228,0.0;0.0,0.9999432,0.9999216,0.0;0.0,0.99988616,0.99998283,0.0;0.0,0.9602572,0.9999311,0.0;0.0,0.9319645,0.99999547,0.0;0.0,0.93996185,0.99964607,0.0;0.0,0.0,0.9992413,0.0",0.018286958561359968;0.004016973034967524;0.00012244541729983927;0.0006728293794759276;0.00011741205468733251;0.00031650194446225624;8.293131187999303e-05;0.0006796612142118357;-0.0010011664806268254;0.8456536167750671,"0.0,0.999958,0.99993813,0.0;0.0,0.99988985,0.9874532,0.0;0.0,0.99972177,0.9995156,0.0;0.0,0.99996454,0.99630046,0.0;0.0,0.99998266,0.99825495,0.0;0.0,0.99095607,0.99498034,0.0;0.0,0.9996846,0.9998531,0.0;0.0,0.99935746,0.9985012,0.0;0.0,0.9999074,0.9839141,0.60252315",0.004230935601011037;-0.0008698133117789591;0.00013087701459371038;0.0007349183184631168;0.0041278860997415985;-0.0002084955204949528;0.004453648146378503;0.00012910901887381177;0.6367224787714807
101,"0.9903848,0.0,0.99980354,0.0;0.99720746,0.0,0.27718803,0.0;0.9150877,0.0,0.9991036,0.0;0.9975359,0.0,0.92796856,0.0;0.9999337,0.0,0.9612683,0.0;0.9980035,0.0,0.9960682,0.0;0.99817926,0.0,0.9983452,0.0;0.99979156,0.0,0.9773876,0.0;0.9999942,0.0,0.0,0.98191607;0.9992952,0.0,0.6115366,0.0",0.019871277846113606;-0.0002161277846572247;0.0002981702851238307;0.008417172582629117;8.138227129163766e-05;-0.0005058077143266516;0.021995693733740267;-0.004945370654980886;0.00470018085931343;1.5582263426037415,"0.9876657,0.0,0.9751475,0.0;0.99963886,0.0,0.9999165,0.0;0.99718195,0.0,0.07198486,0.5037062;0.99989307,0.0,0.0,0.9540277;0.9989534,0.0,0.93377185,0.012945465;0.9999473,0.0,0.38406643,0.0;0.99211305,0.0,0.999434,0.0;0.9965146,0.0,0.9988475,0.0;0.9525622,0.0,0.999698,0.0;0.9998931,0.0,0.99945873,0.0",0.01973716388123063;0.00012609526305737659;0.0009786332074339656;-0.0009146214054054213;0.0016830621499719467;-0.0002429057057115741;0.00011920135205425386;0.00016726048956711904;0.00037841469972753073;0.9313451509436688,"0.9962657,0.0,0.9845047,0.0;0.9914518,0.0,0.9362068,0.0;0.99929357,0.0,0.0,0.9702801;0.9965565,0.0,0.0,0.56271017;0.99549663,0.0,0.9891924,0.0;0.989111,0.0,0.93239284,0.0;0.9845422,0.0,0.9993985,0.0;0.7332288,0.0,0.9019571,0.0;0.0,0.0,0.98086834,0.0;0.9929693,0.0,0.0,0.9692117;0.9391572,0.030517397,0.2753103,0.0;0.9825426,0.0,0.9715182,0.0;0.0,0.9768447,0.96904194,0.0",0.00010176986746095195;7.601678871455669e-05;-0.0008141769059067201;-0.0007357489935109824;0.001592847110267346;8.367132167566704e-05;0.0001201535099222717;-7.046594691113161e-05;-0.00046181890303443994;-0.0060401478509617655;-0.0005406633146253601;-0.00021747053349231994;0.31439300461307607
103,"0.0,0.99995285,0.18506694,0.35957783;0.0,0.9997669,0.90772176,0.0;0.0,0.99981505,0.0,0.9337069;0.0,0.9999991,0.9430648,0.0;0.0,0.99981445,0.0,0.91230214;0.0,0.9995547,0.9980642,0.0;0.0,0.99997467,0.9339916,0.0;0.0,0.97730243,0.0,0.96520096;0.0,0.99967927,0.0,0.0;0.0,0.9999543,0.0,0.9956999;0.0,0.99980104,0.0,0.88372433;0.0,0.9998606,0.0,0.0;0.0,0.99786216,0.0,0.0",0.01202546058885428;-0.0002739276329110382;0.006109693496112526;0.0002681743790995186;0.0037884080210769883;0.011469347324595178;-0.0005099000419082827;0.0030250960569664833;0.005910872530344299;3.7059165094401493e-05;0.003450190839962626;-0.0001019691540352655;1.3755740927097873,"0.0,0.99898195,0.9668474,0.0;0.0,0.99872696,0.1799654,0.0;0.0,0.997438,0.65646535,0.0;0.0,0.9999854,0.8503617,0.0;0.0,0.9997894,0.49151736,0.0;0.0,0.99198115,0.14949507,0.4381918;0.0,0.99939585,0.86683095,0.0;0.0,0.99911183,0.0,0.9756485;0.0,0.99807405,0.0,0.9967685;0.0,0.9970436,0.39076963,0.99410516;0.0,0.9997465,0.0,0.99932206;0.0,0.99501,0.0,0.87556076;0.0,0.99939346,0.06933054,0.966019",0.011854676176839886;-0.00024279195730769054;-0.0003531886259532996;-5.389940483962785e-05;-0.0004422367125978326;-0.00019195641671749676;-0.0007157619238174178;0.00010891920236218633;0.00012784792747935352;0.0012630247827019802;0.0004167353357723701;2.287531414269184e-05;0.6421182810624827,"0.0,0.88570577,0.9259341,0.0;0.0,0.9996706,0.9609693,0.51125026;0.0,0.9907856,0.90696335,0.0;0.0,0.99871093,0.0,0.0;0.0,0.9471283,0.9417409,0.08377019;0.0,0.912512,0.86373067,0.0;0.0,0.9981548,0.14770366,0.49829915;0.0,0.80347335,0.0,0.80221266;0.0,0.99748266,0.0,0.05564512;0.0,0.99829113,0.0,0.8563553;0.0,0.9892162,0.0,0.9364302;0.0,0.9904266,0.0,0.9995794;0.0,0.99927956,0.0,0.85444695",-0.00039398346563608577;-0.00028600209185358517;-0.0004321390688004797;-0.00019731671344836777;-0.0005824101241456006;-0.0007273874641350631;-0.0001870739641750091;-0.00010311205543362823;-0.00017975307734679273;7.70658924820726e-05;8.678373237055626e-05;0.00011280626163887542;0.3023784545978271
105,"0.99439234,0.0,0.0,0.0;0.9989184,0.0,0.0,0.99502826;0.9964476,0.0,0.0,0.96271193;0.9969008,0.0,0.6297234,0.0;0.9998699,0.0,0.0,0.0;0.9985233,0.0,0.0,0.0",0.009647256034269988;0.003924440513357447;0.0008204657124687741;-0.0011638119110379962;0.0026434742753307697;0.9774206026134211,"0.9996623,0.0,0.5985447,0.0;0.9996774,0.0,0.99240386,0.0;0.9405937,0.0,0.45089278,0.0;0.9995805,0.0,0.1592875,0.8428566;0.9252714,0.0,0.92675245,0.0;0.99100095,0.0,0.0,0.08734372;0.99830407,0.0,0.0,0.9933602;0.99939066,0.0,0.0,0.99793416",-0.021;-0.021;-0.00035975039320683;-7.635846292830229e-05;-0.0005980548267727706;-0.0003045002607112494;0.00011304595840821352;0.10015033990135545,"0.78080225,0.0,0.0,0.9642438;0.9969485,0.0,0.0,0.5070616;0.9999311,0.0,0.0,0.0;0.9998311,0.0,0.92209166,0.0;0.96133506,0.0,0.0,0.9860514;0.9871223,0.0,0.8383067,0.0",0.03503258363478983;0.003189683094534688;-0.00019532595243849774;-0.0003080214974451898;2.0625290106218385e-05;0.9878620805166554
107,"0.0,0.8630809,0.0,0.9993566;0.0,0.9950655,0.0,0.9998086;0.0,0.997544,0.0,0.9973167;0.0,0.5685904,0.0,0.98794645;0.0,0.97202355,0.0,0.9905308;0.0,0.058853246,0.0,0.9987827;0.0,0.0,0.0,0.99967295;0.0,0.0,0.0,0.99941415;0.87671536,0.0,0.0,0.99997926;0.0,0.0,0.0,0.999074;0.99993867,0.0,0.0,0.9995282",0.005939357216100713;-1.16946966033738e-05;0.0018122952864180035;0.0037076002095059583;0.0016842339576066357;0.006108985634116335;-0.000269516864324752;0.0010920510672740838;4.4011945529400574e-05;-0.000334104827269627;1.020671809109341,"0.0,0.0,0.0,0.9986085;0.0,0.99507487,0.0,0.9999955;0.038717814,0.99605596,0.0,0.9940295;0.0,0.9988548,0.0,0.99988854;0.0,0.9904305,0.0,0.9996143;0.0,0.993099,0.0,0.99998415;0.0,0.99992144,0.0,0.99950933;0.99682486,0.0,0.0,0.996682;0.97917885,0.80906945,0.0,0.99959624;0.9881802,0.0,0.0,0.99475485;0.97348,0.0,0.0,0.99609804;0.98849416,0.0,0.0,0.941582",-0.021;-9.248210857196282e-05;-0.0001562809536901383;-0.00022778166931829703;-0.00010293389346401216;-0.000481006078083459;-6.086207874920485e-05;0.00010028808832859681;-0.0002553782696521032;0.00010021309793449596;6.337747868740861e-05;0.30822708052446707,"0.0,0.9671471,0.0,0.9999443;0.0,0.98940134,0.0,0.98260504;0.0,0.7858001,0.0,0.9997841;0.0,0.20340629,0.0,0.9783502;0.43606228,0.0,0.0,0.999943;0.0,0.0,0.0,0.99938583;0.0,0.6397771,0.0,0.9909609;0.0,0.0,0.0,0.99712265;0.5317249,0.0,0.0,0.9999724;0.6721879,0.0,0.0,0.9999033;0.0,0.2009994,0.0,0.94106746",0.007424756238150806;0.0001267344605833482;0.0018987002268955862;0.0010150056498838894;-0.0001750691439415426;9.612925723220938e-05;-0.00028174464916945176;-1.4843588402998764e-05;5.457892047271515e-05;0.004418073159074705;0.8643255988914106
108,"0.9981501,0.0,0.0,0.9298801;0.9816207,0.0,0.0,0.7946633;0.99993837,0.0,0.0,0.97454035;0.99986684,0.0,0.4028575,0.82390285;0.9997653,0.0,0.0,0.4546341;0.9998113,0.0,0.0,0.9009048;0.9999692,0.0,0.0,0.0;0.99991906,0.0,0.0,0.95011044;0.99964166,0.0,0.709355,0.025262352;0.9831066,0.0,0.0,0.0;0.9943742,0.0,0.9935365,0.0;0.9998095,0.0,0.99212444,0.0;0.9193308,0.0,0.0,0.0",-7.778335620585886e-05;0.009582312776455711;0.003025351701895901;0.005493984826838382;-0.00021569731345272059;0.0029554546725818094;-0.00011117744413886204;-0.0004657275798701469;-5.510636199385522e-05;0.00013912485767081397;0.00022932110605402187;-0.00012740451407388897;1.0253728649877711,"0.9990867,0.0,0.0,0.99584943;0.9989869,0.0,0.9658305,0.96553624;0.9992397,0.0,0.9781162,0.92332476;0.998559,0.0,0.5327726,0.4098906;0.99780136,0.0,0.9979901,0.0;0.9859729,0.0,0.9999742,0.0;0.9779012,0.0,0.8958892,0.55533385;0.99784565,0.5740709,0.83520657,0.8501214;0.9646862,0.0,0.37952664,0.90177697;0.9988833,0.0,0.9995319,0.92609745;0.9989659,0.0,0.0,0.9906142;0.99997175,0.0,0.0,0.95745665;0.9911888,0.0,0.0,0.9998899;0.9979269,0.0,0.0,0.99230933",-6.885501454107867e-05;0.003956638219340283;-0.00022059569339944997;-0.0002368249230790468;-9.344837115227712e-05;0.0011109161061387356;-0.00046512857099885273;-0.0007125649246634111;0.0002964862567291383;0.004863159988669614;0.012770366254642094;0.000271232172820759;0.0001188697063469959;1.0484765980907473,"0.9851896,0.0,0.0,0.61730266;0.99267614,0.0,0.1262778,0.9284848;0.9447564,0.0,0.0,0.9481936;0.99482274,0.0,0.20731486,0.69826937;0.999977,0.0,0.0,0.9506496;0.997902,0.0,0.022265986,0.0;0.9996116,0.0,0.0,0.118396334;0.998935,0.0,0.0,0.7544141;0.9953666,0.0,0.0,0.0;0.99786997,0.0,0.58551884,0.0;0.9905947,0.0,0.17997758,0.0;0.99575144,0.0,0.98894227,0.0;0.99948776,0.0,0.43743658,0.0",-0.00013032589679506823;-0.00011537325485813166;0.0013129342232307225;0.0025382669612764755;-0.0002308934489850585;0.0008408950232103793;-0.00021705856088576915;-0.00034010242213846096;-0.00024033325779607674;2.9331443823835154e-05;-0.0001994775640436589;-9.022643044770851e-05;0.5536004460375744
166,"0.9881578,0.0,0.9663778,0.0;0.999916,0.0,0.0,0.0;0.99603057,0.0,0.0,0.0;0.9998992,0.0,0.0,0.0;0.9997826,0.0,0.0,0.0;0.99990314,0.0,0.0,0.0;0.99995035,0.0,0.0,0.0;0.996965,0.0,0.0,0.0;0.9999935,0.0,0.0,0.0;0.9998348,0.0,0.0,0.0;0.9998139,0.0,0.99980235,0.0;0.9981066,0.0,0.0,0.9999204",0.0005195572344949921;0.0007743991830982266;-0.00020487287352894014;-7.581210020613435e-05;-0.00020283929998295204;-0.0002035630463919076;-0.0002047908490780429;-0.00020925708869893068;0.0014669126997134624;-0.0002192262993844274;-0.0001656307154528439;0.33396387487890156,"0.999816,0.0,0.0,0.9968172;0.9997475,0.0,0.0,0.18881595;0.9999657,0.0,0.0,0.997882;0.99864364,0.0,0.0,0.9843783;0.93992394,0.0,0.0,0.9968232;0.9999577,0.0,0.0,0.0;0.9999996,0.0,0.08674083,0.0;0.99859387,0.0,0.9992457,0.0;0.9980852,0.0,0.98414284,0.0;0.98791397,0.0,0.99539524,0.0;0.99994147,0.0,0.9401846,0.0;0.99987113,0.0,0.99907595,0.0",0.009716198234642264;0.013218513663567053;0.0006684418627247215;-0.00045514108934861173;0.010149161400888385;-0.0013834088648255075;0.0024698796467601514;0.014423856590624581;0.010287043017792414;0.0032175053106435606;9.397923022513655e-05;1.6625029403705582,"0.99992114,0.0,0.0,0.0;0.99972224,0.0,0.0,0.0;0.99795157,0.0,0.0,0.0;0.99467003,0.0,0.77973366,0.0;0.99994075,0.0,0.0,0.0;0.999926,0.0,0.0,0.7729402;0.99627745,0.0,0.75704205,0.0;0.99970984,0.0,0.09192643,0.0;0.9661551,0.0,0.0,0.0;0.9986483,0.0,0.0,0.0;0.9998663,0.0,0.34603143,0.0;0.97044325,0.0,0.0,0.22951901",-0.00020730425156220488;0.0002693244219064861;0.0007240493288353738;0.0002691632708116332;-0.00020445836259446105;-0.00032083482541716033;-9.772520551660691e-05;-0.00019882822012456882;0.0009911004794794578;-0.00022639289577716749;-0.00015451699565786293;0.3300052252883007
179,"0.99992746,0.0,0.9970408,0.0;0.9958963,0.0,0.8885176,0.0;0.9802747,0.0,0.99982136,0.0;0.99990773,0.0,0.9995107,0.0;0.99936545,0.0,0.9732719,0.0;0.99986273,0.0,0.9996389,0.0;0.99912703,0.0,0.99907756,0.0;0.9681709,0.0,0.9999431,0.0;0.9998607,0.0,0.9998422,0.0;0.9998874,0.0,0.0,0.99998105;0.0,0.3765433,0.98832566,0.0",0.008671202633152896;0.0038369076866389676;0.013578631402663337;0.00012364959556382616;0.005128063241028057;0.023371449877252537;0.009395758182240574;0.0014464607947148815;0.012070856664405516;-0.00013626561568622287;1.7734554371328666,"0.99979526,0.0,0.0,0.99947536;0.9998834,0.0,0.98575485,0.0;0.99908173,0.0,0.9801039,0.0;0.9880171,0.0,0.99762535,0.0;0.99883926,0.0,0.9705137,0.0;0.99911875,0.0,0.9887438,0.0;0.99618787,0.0,0.97897875,0.0;0.9930049,0.0,0.97495085,0.0;0.99819046,0.0,0.99629724,0.0;0.99987453,0.0,0.99975806,0.0;0.698051,0.0,0.9809366,0.0;0.81944585,0.0,0.9997718,0.0;0.0,0.0,0.9891026,0.0",0.007665931482960039;0.0001227531025213453;0.00011889298988564856;0.0001228755243609627;0.00011269709581133758;0.0019102035879070612;0.00027551419995720854;-0.0033316808658707055;0.00012132291423559538;0.00080752058258317;-0.021;-0.021;0.5279098198836536,"0.7959497,0.0,0.0,0.6371038;0.9598565,0.0,0.73961025,0.0;0.92069787,0.0,0.92068934,0.0;0.9593896,0.0,0.9991647,0.0;0.94852185,0.0,0.8914983,0.0;0.8327831,0.0,0.9990927,0.0;0.9979404,0.0,0.90379095,0.0;0.9932062,0.0,0.9817921,0.0;0.0,0.0,0.98059124,0.0;0.9975071,0.0,0.0058464934,0.0;0.9162041,0.0,0.9311464,0.0;0.48415613,0.81147766,0.82355505,0.0;0.95408154,0.0,0.0,0.9943608;0.0,0.48962876,0.9861501,0.0;0.9383417,0.0,0.0,0.9911649;0.0,0.98039013,0.9176767,0.0;0.9896024,0.0,0.0,0.9984152;0.0,0.7442342,0.8207615,0.0;0.97219586,0.0,0.0,0.97278786;0.0,0.95337033,0.9539121,0.0;0.99032116,0.0,0.0,0.72966516;0.0,0.99809307,0.9500951,0.0",0.00267129568749328;-3.8482505841442086e-05;4.16329505754447e-05;0.00010801124632086223;4.0673873595265865e-05;0.00014076009113620118;7.586638739848662e-05;-0.004882815772458934;-0.0004898777857948783;-0.0003879290351714377;4.504364312626486e-05;-0.0008691719463162641;-0.0009576185052886931;-0.0006986146784331939;-0.0010995792904283485;-0.050856783372015324;-0.051102920905219104;-0.050706388241540126;-0.05112572539136733;-0.05059777251321637;-0.05111124176103938;0.3365759460831776
185,"0.98981506,0.0,0.9982358,0.0;0.992148,0.0,0.999574,0.0;0.99998873,0.0,0.013912138,0.4849046;0.9944064,0.0,0.0,0.0;0.99976176,0.0,0.943026,0.0;0.9998458,0.0,0.9615028,0.0;0.9972484,0.0,0.53681326,0.0",0.015354697182777535;4.6502422745378305e-05;-0.0002849544206796537;-5.187461139608257e-05;0.000871057116862537;0.00010225161971005239;0.7652061310296148,"0.99887687,0.0,0.997933,0.0;0.98881406,0.0,0.99533004,0.0;0.9952549,0.0,0.9998933,0.0;0.9998126,0.0,0.99852985,0.0;0.96451986,0.0,0.995056,0.0;0.9936032,0.0,0.9894802,0.7190484;0.9952644,0.0,0.0,0.8804793",0.015257138348564578;4.302663736235668e-05;0.012430715553397474;0.02701408668025068;0.004538979804514421;0.017336373302502206;1.8173130463280063,"0.9993708,0.0,0.999761,0.0;0.9530285,0.0,0.9987462,0.0;0.8750206,0.0,0.0,0.7796323;0.99747026,0.0,0.0,0.21742226;0.9515774,0.0,0.45220017,0.0;0.9971999,0.0,0.9940287,0.0;0.92281675,0.0,0.9975805,0.0;0.83654004,0.0,0.992357,0.0",7.656935468282322e-05;1.721583257099435e-05;-0.0006469736928148414;-0.0004502796195379979;0.0017228479571264757;0.00012563738396170908;7.881364255063295e-05;0.11891641935857039
197,"0.0,0.98357195,0.8901054,0.08605316;0.0,0.9999072,0.6170965,0.0;0.0,0.99694085,0.9866032,0.0;0.0,0.9989099,0.97897226,0.0;0.0,0.9995166,0.7315928,0.0;0.0,0.99978864,0.0,0.9729463;0.0,0.9992794,0.0,0.0",0.006463457372866295;0.005028411606518285;0.005562701974458628;-0.00020617857605163503;-0.0003664222389238364;-2.252445309746598e-05;0.6726277289246848,"0.0,0.9997559,0.0,0.88439167;0.0,0.99898064,0.0,0.51627463;0.0,0.99981475,0.0,0.96272314;0.0,0.99990934,0.99779403,0.0;0.0,0.999832,0.99975365,0.0;0.0,0.9999876,0.99910694,0.0;0.0,0.99961174,0.9793583,0.0;0.0,0.9988902,0.9961899,0.0",0.011460806352797398;0.004872977879839171;0.006064469972619204;0.00395295441335402;0.006045511501211236;0.00012961834080548119;0.00011494213477535164;1.0414023567896606,"0.0,0.9910676,0.37857527,0.0;0.0,0.9882662,0.5694847,0.0;0.0,0.9977672,0.9965842,0.0;0.0,0.9998263,0.0,0.0;0.0,0.98289716,0.52253234,0.0;0.0,0.8717747,0.65260774,0.0;0.0,0.9689757,0.0,0.28250188",-9.788718337596015e-05;7.371188823725375e-05;0.002280787959583711;-0.00021724661876387186;-0.0001494078186786897;-0.0002882545749399941;0.3251917823648499
198,"0.999372,0.0,0.8313838,0.0;0.99477047,0.0,0.0,0.34055525;0.9999095,0.0,0.0,0.78461444;0.99892575,0.0,0.1926484,0.0;0.9999265,0.0,0.0,0.0;0.9997825,0.0,0.0,0.0",0.011100532267530201;0.0008756377521540862;-0.00020653621423186687;0.003206673309644893;0.00027337222100730596;0.7624339548989306,"0.9824398,0.0,0.9416969,0.0;0.99444735,0.0,0.9767224,0.0;0.9984165,0.0,0.99905133,0.0;0.9998252,0.0,0.97531986,0.5904028;0.9992411,0.0,0.0,0.99888784;0.999651,0.0,0.0,0.99993324;0.98989964,0.0,0.0,0.99206924",0.01270775716446153;0.00024167587139881997;0.0023996572480161765;-0.00017314290762789064;0.00012996976236955726;0.00013020057742991732;0.6698929647696746,"0.9918388,0.0,0.0,0.41032785;0.9898444,0.0,0.64796764,0.0;0.99649084,0.0,0.0,0.0;0.9456114,0.0,0.0,0.08613359;0.9983797,0.0,0.0,0.0;0.9999234,0.0,0.7697792,0.027784258;0.99971366,0.0,0.0,0.0",0.00016057181919799612;0.0013668794419688316;5.089829273460855e-06;0.0008728287572728742;0.00020413448616822305;-0.00039325662652525673;0.5361672239044272
202,"0.9752776,0.0,0.99987096,0.0;0.8794221,0.0,0.9982285,0.0;0.1875473,0.0,0.9995724,0.0;0.98601544,0.0,0.99937105,0.0;0.0,0.28873736,0.99908566,0.0;0.0,0.64739287,0.996054,0.0;0.0,0.99950784,0.98672426,0.0;0.0,0.805048,0.9994755,0.0;0.0,0.998322,0.99991846,0.0;0.0,0.88191104,0.9963816,0.0;0.0,0.9992775,0.9958778,0.0;0.0,0.99879646,0.0,0.0",0.01158221040950937;-0.004924152092904204;-0.00037594320172723594;-0.0007632945252271981;-0.00023819599510027978;-3.631889977441589e-05;0.00012158481370390751;0.0004827529138268044;0.00012865931926872066;0.0010687562306642335;0.00023757644404135664;0.8426616006221503,"0.0,0.0,0.99883515,0.0;0.7600711,0.0,0.99987334,0.0;0.9070149,0.0,0.9995283,0.0;0.0,0.0,0.99930596,0.0;0.0,0.0,0.99479604,0.0;0.0,0.0,0.9976794,0.0;0.0,0.9947303,0.99887514,0.0;0.0,0.99996644,0.99921954,0.0;0.0,0.99975497,0.9998237,0.0;0.0,0.99440175,0.99983644,0.0;0.0,0.98664254,0.99954534,0.0",0.01872872980952608;-0.0025027917365087037;-0.005592881886410726;0.00044412325428819455;-0.0003395354655766454;-0.0013691102664943743;0.00012265910538066226;0.0002291365680461593;0.0001320096859797261;0.0009644079835675675;0.9366277414109117,"0.9191976,0.0,0.99794936,0.0;0.0,0.0,0.98969215,0.0;0.0,0.0,0.9983961,0.0;0.0,0.0,0.99498606,0.0;0.63993037,0.45234892,0.9905929,0.0;0.0,0.81770855,0.96742827,0.0;0.0,0.0,0.9694029,0.0;0.24244393,0.52939737,0.99887764,0.0;0.11718087,0.9957091,0.99992895,0.0;0.0,0.9790608,0.99993414,0.0;0.0,0.99581033,0.99982524,0.0",-0.0004763099723922096;-0.000267287240828928;0.0007276592769309288;-0.0002894772543458117;-0.0003914036968730641;0.0005701805644655697;8.018893080205739e-05;-0.00022505407538328802;6.409417060747558e-05;0.00011878493435549611;0.4201825432735031
209,"0.99493563,0.0,0.9897177,0.33736956;0.9991787,0.0,0.5948178,0.4820347;0.99978423,0.0,0.0,0.0;0.9999864,0.0,0.0,0.0;0.99997747,0.0,0.0,0.0;0.9990188,0.0,0.2345959,0.0;0.99997705,0.0,0.99419755,0.0;0.99926317,0.0,0.99965125,0.0;0.9956019,0.0,0.98060805,0.0;0.99898344,0.0,0.9995586,0.0",0.0010410200264595664;-0.00023819586741787903;-0.00029005369441431974;0.0019746835800467113;0.0007955797219188434;-0.00025464952146246345;0.00013189682762775233;0.00012052265053944256;9.778087136687109e-05;0.34532623319793193,"0.9988329,0.0,0.99804515,0.0;0.9868502,0.0,0.99975663,0.0;0.9994049,0.0,0.9916025,0.0;0.99985355,0.0,0.9997124,0.0;0.9911464,0.0,0.9986328,0.83674693;0.9986183,0.0,0.98622847,0.0;0.9999435,0.0,0.9967979,0.0;0.9897759,0.0,0.99993825,0.0;0.99594283,0.0,0.7557981,0.95552135;0.9954497,0.00886584,0.0,0.99934155;0.98383564,0.18221025,0.0,0.99714524",0.0009269974368844434;-0.00497573512412697;-0.004088665089157883;0.015138712766429785;-0.005196586749819906;-0.0030799899306782593;0.008575836645002784;0.010051113563280947;0.003959505901287262;0.00011671290499916199;1.3272507780250336,"0.9995205,0.0,0.8983777,0.0;0.9824141,0.0,0.0,0.0;0.99611765,0.0,0.46322742,0.48751608;0.9932749,0.0,0.0,0.70419574;0.97547984,0.0,0.35938492,0.0;0.9777386,0.0,0.96177757,0.0;0.9976246,0.0,0.9579499,0.0;0.98915845,0.0,0.9170489,0.0;0.9939516,0.0,0.9942163,0.0;0.9964341,0.0,0.0,0.5895176;0.9876307,0.0,0.9995687,0.0",2.3895844619667762e-05;-0.0002832707302487506;-0.00029706354133748924;0.0011511483914378666;0.0007407931327019116;8.716475964287152e-05;9.510500952156995e-05;6.0477845364311116e-05;6.515557135366312e-05;-0.0006280516820726283;0.32725318186254737
